base,start,row,y_value
A,1,human,1
G,2,human,1
G,3,human,1
C,4,human,1
C,5,human,1
A,6,human,1
G,7,human,1
C,8,human,1
C,9,human,1
G,10,human,1
G,11,human,1
C,12,human,1
G,13,human,1
C,14,human,1
C,15,human,1
A,16,human,1
T,17,human,1
T,18,human,1
T,19,human,1
T,20,human,1
G,21,human,1
A,22,human,1
A,23,human,1
A,24,human,1
G,25,human,1
T,26,human,1
G,27,human,1
G,28,human,1
A,29,human,1
G,30,human,1
T,31,human,1
C,32,human,1
G,33,human,1
C,34,human,1
C,35,human,1
T,36,human,1
G,37,human,1
C,38,human,1
C,39,human,1
C,40,human,1
C,41,human,1
T,42,human,1
G,43,human,1
C,44,human,1
C,45,human,1
G,46,human,1
C,47,human,1
T,48,human,1
G,49,human,1
C,50,human,1
C,51,human,1
G,52,human,1
C,53,human,1
C,54,human,1
G,55,human,1
C,56,human,1
C,57,human,1
G,58,human,1
C,59,human,1
C,60,human,1
G,61,human,1
T,62,human,1
C,63,human,1
G,64,human,1
C,65,human,1
T,66,human,1
G,67,human,1
T,69,human,1
C,70,human,1
G,71,human,1
T,72,human,1
A,73,human,1
G,74,human,1
T,75,human,1
C,76,human,1
G,77,human,1
C,78,human,1
C,79,human,1
G,80,human,1
C,81,human,1
C,88,human,1
G,89,human,1
C,90,human,1
C,91,human,1
G,92,human,1
C,93,human,1
T,94,human,1
G,95,human,1
C,96,human,1
C,97,human,1
G,98,human,1
G,99,human,1
A,100,human,1
G,101,human,1
A,102,human,1
A,103,human,1
A,104,human,1
G,105,human,1
A,106,human,1
G,107,human,1
C,108,human,1
A,109,human,1
C,110,human,1
G,111,human,1
A,112,human,1
G,113,human,1
C,114,human,1
G,115,human,1
G,116,human,1
G,117,human,1
G,118,human,1
A,119,human,1
A,120,human,1
G,121,human,1
C,122,human,1
C,123,human,1
C,124,human,1
C,125,human,1
A,126,human,1
G,127,human,1
A,128,human,1
G,129,human,1
T,130,human,1
G,131,human,1
A,132,human,1
A,133,human,1
A,134,human,1
T,135,human,1
C,136,human,1
T,137,human,1
A,138,human,1
G,139,human,1
C,140,human,1
A,141,human,1
T,142,human,1
C,143,human,1
C,144,human,1
T,145,human,1
G,146,human,1
C,147,human,1
C,148,human,1
G,149,human,1
G,150,human,1
C,151,human,1
T,152,human,1
G,153,human,1
G,154,human,1
T,155,human,1
C,156,human,1
T,158,human,1
G,159,human,1
C,160,human,1
C,161,human,1
C,162,human,1
G,163,human,1
C,164,human,1
C,165,human,1
C,167,human,1
C,168,human,1
T,169,human,1
C,170,human,1
C,171,human,1
T,172,human,1
T,173,human,1
C,174,human,1
C,175,human,1
T,176,human,1
T,177,human,1
T,178,human,1
T,179,human,1
C,180,human,1
C,181,human,1
C,182,human,1
C,183,human,1
C,184,human,1
C,185,human,1
G,186,human,1
G,187,human,1
C,188,human,1
C,189,human,1
C,191,human,1
C,192,human,1
C,193,human,1
G,194,human,1
T,195,human,1
C,196,human,1
C,197,human,1
C,198,human,1
C,199,human,1
T,200,human,1
C,201,human,1
C,202,human,1
C,203,human,1
C,205,human,1
C,206,human,1
C,207,human,1
G,208,human,1
C,209,human,1
A,210,human,1
G,211,human,1
G,212,human,1
A,1,orangutan,1
G,2,orangutan,1
G,3,orangutan,1
C,4,orangutan,1
C,5,orangutan,1
A,6,orangutan,1
G,7,orangutan,1
C,8,orangutan,1
C,9,orangutan,1
G,10,orangutan,1
G,11,orangutan,1
C,12,orangutan,1
G,13,orangutan,1
C,14,orangutan,1
C,15,orangutan,1
A,16,orangutan,1
T,17,orangutan,1
T,18,orangutan,1
T,19,orangutan,1
T,20,orangutan,1
G,21,orangutan,1
A,22,orangutan,1
A,23,orangutan,1
A,24,orangutan,1
G,25,orangutan,1
T,26,orangutan,1
G,27,orangutan,1
G,28,orangutan,1
A,29,orangutan,1
G,30,orangutan,1
T,31,orangutan,1
C,32,orangutan,1
G,33,orangutan,1
C,34,orangutan,1
C,35,orangutan,1
T,36,orangutan,1
G,37,orangutan,1
C,38,orangutan,1
C,39,orangutan,1
C,40,orangutan,1
C,41,orangutan,1
T,42,orangutan,1
G,43,orangutan,1
C,44,orangutan,1
C,45,orangutan,1
G,46,orangutan,1
C,47,orangutan,1
T,48,orangutan,1
G,49,orangutan,1
C,50,orangutan,1
C,51,orangutan,1
G,52,orangutan,1
C,53,orangutan,1
C,54,orangutan,1
G,55,orangutan,1
C,56,orangutan,1
C,57,orangutan,1
G,58,orangutan,1
C,59,orangutan,1
C,60,orangutan,1
G,61,orangutan,1
T,62,orangutan,1
C,63,orangutan,1
G,64,orangutan,1
C,65,orangutan,1
T,66,orangutan,1
G,67,orangutan,1
T,69,orangutan,1
C,70,orangutan,1
G,71,orangutan,1
T,72,orangutan,1
A,73,orangutan,1
G,74,orangutan,1
C,75,orangutan,1
C,76,orangutan,1
A,77,orangutan,1
C,78,orangutan,1
C,79,orangutan,1
G,80,orangutan,1
C,81,orangutan,1
C,88,orangutan,1
G,89,orangutan,1
C,90,orangutan,1
T,91,orangutan,1
G,92,orangutan,1
C,93,orangutan,1
T,94,orangutan,1
G,95,orangutan,1
C,96,orangutan,1
C,97,orangutan,1
G,98,orangutan,1
G,99,orangutan,1
A,100,orangutan,1
G,101,orangutan,1
A,102,orangutan,1
A,103,orangutan,1
A,104,orangutan,1
G,105,orangutan,1
A,106,orangutan,1
G,107,orangutan,1
C,108,orangutan,1
A,109,orangutan,1
C,110,orangutan,1
G,111,orangutan,1
A,112,orangutan,1
G,113,orangutan,1
C,114,orangutan,1
G,115,orangutan,1
G,116,orangutan,1
G,117,orangutan,1
G,118,orangutan,1
A,119,orangutan,1
A,120,orangutan,1
G,121,orangutan,1
C,122,orangutan,1
C,123,orangutan,1
C,124,orangutan,1
C,125,orangutan,1
A,126,orangutan,1
G,127,orangutan,1
A,128,orangutan,1
G,129,orangutan,1
T,130,orangutan,1
G,131,orangutan,1
A,132,orangutan,1
A,133,orangutan,1
A,134,orangutan,1
T,135,orangutan,1
C,136,orangutan,1
T,137,orangutan,1
A,138,orangutan,1
G,139,orangutan,1
C,140,orangutan,1
A,141,orangutan,1
T,142,orangutan,1
C,143,orangutan,1
C,144,orangutan,1
T,145,orangutan,1
G,146,orangutan,1
C,147,orangutan,1
C,148,orangutan,1
G,149,orangutan,1
G,150,orangutan,1
C,151,orangutan,1
T,152,orangutan,1
G,153,orangutan,1
G,154,orangutan,1
T,155,orangutan,1
C,156,orangutan,1
T,158,orangutan,1
G,159,orangutan,1
C,160,orangutan,1
C,161,orangutan,1
C,162,orangutan,1
G,163,orangutan,1
C,164,orangutan,1
C,165,orangutan,1
C,167,orangutan,1
C,168,orangutan,1
T,169,orangutan,1
C,170,orangutan,1
C,171,orangutan,1
T,172,orangutan,1
T,173,orangutan,1
C,174,orangutan,1
C,175,orangutan,1
T,176,orangutan,1
T,177,orangutan,1
T,178,orangutan,1
T,179,orangutan,1
C,180,orangutan,1
C,181,orangutan,1
C,182,orangutan,1
C,183,orangutan,1
C,185,orangutan,1
G,186,orangutan,1
G,187,orangutan,1
C,188,orangutan,1
C,189,orangutan,1
C,191,orangutan,1
C,192,orangutan,1
C,193,orangutan,1
G,194,orangutan,1
T,195,orangutan,1
C,196,orangutan,1
C,197,orangutan,1
C,198,orangutan,1
C,199,orangutan,1
T,200,orangutan,1
C,201,orangutan,1
C,202,orangutan,1
C,203,orangutan,1
C,205,orangutan,1
C,206,orangutan,1
C,207,orangutan,1
G,208,orangutan,1
C,209,orangutan,1
A,210,orangutan,1
G,211,orangutan,1
G,212,orangutan,1
A,1,lemur,1
G,2,lemur,1
G,3,lemur,1
C,4,lemur,1
C,5,lemur,1
A,6,lemur,1
G,7,lemur,1
C,8,lemur,1
G,9,lemur,1
G,10,lemur,1
G,11,lemur,1
C,12,lemur,1
G,13,lemur,1
C,14,lemur,1
C,15,lemur,1
A,16,lemur,1
T,17,lemur,1
T,18,lemur,1
T,19,lemur,1
T,20,lemur,1
G,21,lemur,1
A,22,lemur,1
A,23,lemur,1
A,24,lemur,1
G,25,lemur,1
T,26,lemur,1
G,27,lemur,1
G,28,lemur,1
A,29,lemur,1
G,30,lemur,1
T,31,lemur,1
C,32,lemur,1
G,33,lemur,1
C,34,lemur,1
C,35,lemur,1
T,36,lemur,1
G,37,lemur,1
C,38,lemur,1
C,39,lemur,1
C,40,lemur,1
C,41,lemur,1
T,42,lemur,1
G,43,lemur,1
C,47,lemur,1
T,48,lemur,1
G,49,lemur,1
C,50,lemur,1
C,51,lemur,1
G,52,lemur,1
C,53,lemur,1
C,54,lemur,1
G,55,lemur,1
G,56,lemur,1
C,57,lemur,1
G,58,lemur,1
C,59,lemur,1
C,60,lemur,1
G,61,lemur,1
T,62,lemur,1
C,63,lemur,1
G,64,lemur,1
C,65,lemur,1
T,66,lemur,1
G,67,lemur,1
T,69,lemur,1
C,70,lemur,1
G,71,lemur,1
T,72,lemur,1
A,73,lemur,1
G,74,lemur,1
C,75,lemur,1
C,76,lemur,1
G,77,lemur,1
C,78,lemur,1
C,79,lemur,1
G,80,lemur,1
C,81,lemur,1
C,82,lemur,1
A,83,lemur,1
C,84,lemur,1
T,85,lemur,1
G,86,lemur,1
C,87,lemur,1
C,88,lemur,1
G,89,lemur,1
C,90,lemur,1
C,91,lemur,1
G,92,lemur,1
C,93,lemur,1
C,94,lemur,1
G,95,lemur,1
C,96,lemur,1
C,97,lemur,1
G,98,lemur,1
G,99,lemur,1
A,100,lemur,1
G,101,lemur,1
A,102,lemur,1
A,103,lemur,1
G,104,lemur,1
G,105,lemur,1
A,106,lemur,1
G,107,lemur,1
C,108,lemur,1
A,109,lemur,1
G,110,lemur,1
G,111,lemur,1
A,112,lemur,1
G,113,lemur,1
C,114,lemur,1
G,115,lemur,1
G,116,lemur,1
G,117,lemur,1
G,118,lemur,1
A,119,lemur,1
A,120,lemur,1
G,121,lemur,1
C,122,lemur,1
C,123,lemur,1
C,124,lemur,1
C,125,lemur,1
A,126,lemur,1
G,127,lemur,1
A,128,lemur,1
G,129,lemur,1
T,130,lemur,1
G,131,lemur,1
A,132,lemur,1
A,133,lemur,1
A,134,lemur,1
T,135,lemur,1
C,136,lemur,1
C,137,lemur,1
A,138,lemur,1
C,139,lemur,1
C,140,lemur,1
G,141,lemur,1
T,142,lemur,1
C,143,lemur,1
C,144,lemur,1
T,145,lemur,1
G,146,lemur,1
C,147,lemur,1
T,148,lemur,1
G,149,lemur,1
G,150,lemur,1
C,151,lemur,1
C,152,lemur,1
G,153,lemur,1
G,154,lemur,1
T,155,lemur,1
C,156,lemur,1
T,158,lemur,1
G,159,lemur,1
C,160,lemur,1
T,161,lemur,1
C,162,lemur,1
G,163,lemur,1
C,164,lemur,1
C,165,lemur,1
C,167,lemur,1
C,168,lemur,1
T,169,lemur,1
C,170,lemur,1
C,171,lemur,1
T,172,lemur,1
T,173,lemur,1
C,174,lemur,1
C,175,lemur,1
T,176,lemur,1
G,177,lemur,1
C,178,lemur,1
T,179,lemur,1
C,180,lemur,1
C,181,lemur,1
C,182,lemur,1
C,183,lemur,1
C,185,lemur,1
G,186,lemur,1
G,187,lemur,1
C,188,lemur,1
C,189,lemur,1
C,191,lemur,1
C,192,lemur,1
C,193,lemur,1
G,194,lemur,1
C,195,lemur,1
C,196,lemur,1
C,197,lemur,1
C,198,lemur,1
C,199,lemur,1
T,200,lemur,1
C,201,lemur,1
C,202,lemur,1
C,203,lemur,1
C,205,lemur,1
C,206,lemur,1
C,207,lemur,1
A,208,lemur,1
C,209,lemur,1
A,210,lemur,1
G,211,lemur,1
G,212,lemur,1
